student_id,Ga,Ph,Ar,Cp,Ls,P_pred_initial,P_pred_adjusted
1,0.78,0.7,0.0,0.0,0.0,0.30799999999999994,0.3236264522875497
2,0.65,0.6,0.0,0.0,0.0,0.25749999999999995,0.2704944544975917
3,0.88,0.85,0.0,0.0,0.0,0.3505,0.36803009848783386
4,0.5,0.45,0.0,0.0,0.0,0.19749999999999998,0.20751483435801651
5,0.92,0.9,0.0,0.0,0.0,0.367,0.38530811041316737
